{
  "stkAAVE": {
    "name": "stkAAVE",
    "donorWalletAddress": "0xaFDAbFb6227507fF6522b8a242168F6b5F353a6E",
    "tokenAddress": "0x4da27a545c0c5B758a6BA100e3a049001de870f5"
  },
  "aAAVE": {
    "name": "aAAVE",
    "donorWalletAddress": "0xE466d6Cf6E2C3F3f8345d39633d4A968EC879bD5",
    "tokenAddress": "0xFFC97d72E13E01096502Cb8Eb52dEe56f74DAD7B"
  },
  "aDAI": {
    "name": "aDAI",
    "donorWalletAddress": "0x2DEE59010CBb5DD5dfC4aB90F7A63C423041B2Bb",
    "tokenAddress": "0x018008bfb33d285247A21d44E50697654f754e63"
  }
}
