{
  "repayType": {
    "collateral": "collateral",
    "wallet": "wallet",
    "default": "default"
  },
  "dashboardTypes": {
    "deposit": "deposit",
    "borrow": "borrow"
  },
  "collateralType": {
    "isCollateral": "Yes",
    "isNotCollateral": "No"
  },
  "borrowAPYType": {
    "variable": "Variable",
    "stable": "Stable",
    "default": "Default",
    "fixed": "fixed"
  },
  "actionTypes": {
    "supply": "Supply",
    "borrow": "Borrow",
    "repay": "Repay",
    "withdraw": "Withdraw",
    "switchApy": "Switch rate",
    "faucet": "Faucet"
  },
  "apyType": {
    "stable": "Stable",
    "variable": "Variable"
  }
}
