{
  "mainnet": {
    "ArbitrumV3": {
      "name": "Arbitrum",
      "version": "v3",
      "dataCy": "marketSelector_proto_arbitrum_v3"
    },
    "AvalancheV3": {
      "name": "Avalanche",
      "version": "v3",
      "dataCy": "marketSelector_proto_avalanche_v3"
    },
    "FantomV3": {
      "name": "Fantom",
      "version": "v3",
      "dataCy": "marketSelector_proto_fantom_v3"
    },
    "HarmonyV3": {
      "name": "Harmony",
      "version": "v3",
      "dataCy": "marketSelector_proto_harmony_v3"
    },
    "OptimismV3": {
      "name": "Optimism",
      "version": "v3",
      "dataCy": "marketSelector_proto_optimism_v3"
    },
    "PolygonV3": {
      "name": "Polygon",
      "version": "v3",
      "dataCy": "marketSelector_proto_polygon_v3"
    },
    "EthereumV2": {
      "name": "Ethereum",
      "version": "v2",
      "dataCy": "marketSelector_proto_mainnet"
    },
    "EthereumAMMV2": {
      "name": "Ethereum AMM",
      "version": "v2",
      "dataCy": "marketSelector_amm_mainnet"
    },
    "PolygonV2": {
      "name": "Polygon",
      "version": "v2",
      "dataCy": "marketSelector_proto_polygon"
    },
    "AvalancheV2": {
      "name": "Avalanche",
      "version": "v2",
      "dataCy": "marketSelector_proto_avalanche"
    }
  },
  "testnet": {
    "ETHGoerliV3Market": {
      "name": "Ethereum",
      "version": "v3",
      "dataCy": "marketSelector_proto_goerli_v3"
    },
    "ArbitrumGoerliV3Market": {
      "name": "Arbitrum",
      "version": "v3",
      "dataCy": "marketSelector_proto_arbitrum_goerli_v3"
    },
    "AvalancheFujiV3Market": {
      "name": "Avalanche",
      "version": "v3",
      "dataCy": "marketSelector_proto_fuji_v3"
    },
    "FantomTestnetV3Market": {
      "name": "Fantom",
      "version": "v3",
      "dataCy": "marketSelector_proto_fantom_testnet_v3"
    },
    "OptimismGoerliV3Market": {
      "name": "Optimism",
      "version": "v3",
      "dataCy": "marketSelector_proto_optimism_goerli_v3"
    },
    "PolygonMumbaiV3Market": {
      "name": "Polygon",
      "version": "v3",
      "dataCy": "marketSelector_proto_mumbai_v3"
    },
    "ETHGoerliV2Market": {
      "name": "Ethereum",
      "version": "v2",
      "dataCy": "marketSelector_proto_goerli"
    },
    "PolygonMumbaiV2Market": {
      "name": "Polygon",
      "version": "v2",
      "dataCy": "marketSelector_proto_mumbai"
    },
    "AvalancheFujiV2Market": {
      "name": "Avalanche",
      "version": "v2",
      "dataCy": "marketSelector_proto_fuji"
    }
  }
}
